ClientID;Surname;FirstName;MiddleName;Email;PhoneNumber
1;Попов;Михаил;Владимирович;mihail.popov@bk.ru;+7 (915) 234-56-01
2;Лебедев;Илья;Андреевич;ilya.lebedev@yandex.ru;+7 (916) 845-12-13
3;Белов;Роман;Сергеевич;roman.belov@gmail.com;+7 (903) 678-90-23
4;Тимофеев;Артём;Павлович;artem.timofeev@mail.ru;+7 (912) 445-77-34
5;Павлов;Виктор;Николаевич;viktor.pavlov@yandex.ru;+7 (917) 332-11-45
6;Рыбаков;Константин;Игоревич;kosta.rybakov@gmail.com;+7 (909) 556-88-56
7;Нестеров;Сергей;Петрович;sergey.nesterov@mail.ru;+7 (925) 101-23-67
8;Фадеев;Алексей;Михайлович;aleksey.fadeev@yandex.ru;+7 (926) 214-09-78
9;Громов;Денис;Викторович;denis.gromov@gmail.com;+7 (913) 777-44-19
10;Кудрин;Евгений;Анатольевич;evgeny.kudrin@mail.ru;+7 (960) 998-21-20
11;Снегов;Никита;Олегович;nikita.snegov@yandex.ru;+7 (985) 430-12-31
12;Ларин;Павел;Дмитриевич;pavel.larin@gmail.com;+7 (962) 555-33-42
13;Прокофьев;Георгий;Ильич;georgy.prokofiev@mail.ru;+7 (967) 241-54-53
14;Савин;Игорь;Алексеевич;igor.savin@yandex.ru;+7 (903) 812-65-64
15;Денисов;Максим;Романович;maxim.denisov@gmail.com;+7 (915) 329-76-75
16;Пономарёв;Вадим;Сергеевич;vadim.ponomarev@yahoo.com;+7 (916) 218-87-86
17;Акимов;Рустам;Павлович;rustam.akimov@yandex.ru;+7 (903) 640-98-97
18;Веденин;Вячеслав;Иванович;vyacheslav.vedenin@gmail.com;+7 (925) 471-09-08
19;Баранов;Фёдор;Никитич;fedor.baranov@mail.ru;+7 (909) 382-10-19
21;Степанов;Роман;Андреевич;roman.stepanov@gmail.com;+7 (912) 668-32-31
22;Архипов;Дмитрий;Владимирович;dmitriy.arkhipov@mail.ru;+7 (960) 774-43-42
23;Марченко;Тимур;Олегович;timur.marchenko@yandex.ru;+7 (985) 891-54-53
24;Зимин;Матвей;Александрович;matvey.zimin@gmail.com;+7 (926) 210-65-64
25;Лосев;Валерий;Геннадьевич;valeriy.losev@mail.ru;+7 (903) 123-76-75
26;Махов;Арсений;Михайлович;arsen.makhov@yandex.ru;+7 (915) 987-87-86
27;Князев;Иван;Кириллович;ivan.knyazev@gmail.com;+7 (917) 654-98-97
29;Черемисов;Анатолий;Сергеевич;anatoly.cheremisov@yandex.ru;+7 (960) 357-10-19
30;Смоляков;Назар;Игоревич;nazar.smolyakov@gmail.com;+7 (962) 468-21-20
31;Ульянов;Борис;Павлович;boris.ulyanov@mail.ru;+7 (985) 579-32-31
32;Беляков;Олег;Николаевич;oleg.belyakov@yandex.ru;+7 (926) 680-43-42
33;Юдин;Савелий;Викторович;saveliy.yudin@gmail.com;+7 (915) 791-54-53
34;Хлопов;Родион;Григорьевич;rodion.khlopov@mail.ru;+7 (903) 802-65-64
35;Поплавский;Юрий;Алексеевич;yuriy.poplavsky@yandex.ru;+7 (917) 213-76-75
36;Кириллов;Николай;Дмитриевич;nikolay.kirillov@gmail.com;+7 (909) 124-87-86
37;Бородин;Владислав;Петрович;vladislav.borodin@mail.ru;+7 (921) 335-98-97
38;Суханов;Александр;Романович;alex.sukhanov@yandex.ru;+7 (960) 446-09-08
40;Дьячков;Леонид;Сергеевич;leonid.dyachkov@mail.ru;+7 (915) 668-21-20
41;Золотарёв;Раймонд;Андреевич;raymond.zolotarev@gmail.com;+7 (926) 779-32-31
42;Коваленко;Платон;Никитич;platon.kovalenko@yandex.ru;+7 (903) 880-43-42
43;Макеев;Григорий;Александрович;grigory.makeev@mail.ru;+7 (917) 991-54-53
44;Назаров;Роман;Вадимович;roman.nazarov@gmail.com;+7 (960) 102-65-64
45;Рожков;Семен;Павлович;semen.rozhkov@yandex.ru;+7 (962) 213-76-75
47;Калинин;Артур;Олегович;artur.kalinin@gmail.com;+7 (915) 435-98-97
48;Фоминский;Виталий;Денисович;vitaly.fominsky@mail.ru;+7 (903) 546-09-08
101;Степанов;Иван;Андреевич;client1_t0kc@test.loc;+7 (999) 867-81-94
102;Волков;Евгений;Евгеньевич;client2_cztb@test.loc;+7 (999) 131-46-55
103;Кузнецов;Дмитрий;Анатольевич;client3_76q7@test.loc;+7 (999) 506-35-95
104;Морозов;Денис;Максимович;client4_xhud@test.loc;+7 (999) 287-70-22
105;Иванов;Михаил;Олегович;client5_4mhv@test.loc;+7 (999) 878-46-87
106;Кузнецов;Иван;Юрьевич;client6_aht1@test.loc;+7 (999) 490-54-88
107;Павлов;Антон;Михайлович;client7_zza5@test.loc;+7 (999) 210-30-45
108;Васильев;Даниил;Михайлович;client8_21ya@test.loc;+7 (999) 209-29-39
109;Павлов;Сергей;Евгеньевич;client9_xja5@test.loc;+7 (999) 186-85-81
110;Соколов;Даниил;Максимович;client10_b86i@test.loc;+7 (999) 453-18-16
111;Иванов;Егор;Петрович;client11_k7t0@test.loc;+7 (999) 483-64-87
112;Алексеев;Максим;Николаевич;client12_r6y9@test.loc;+7 (999) 729-41-69
113;Соколов;Владислав;Николаевич;client13_39po@test.loc;+7 (999) 145-84-59
114;Фёдоров;Егор;Максимович;client14_62vh@test.loc;+7 (999) 345-29-12
115;Смирнов;Никита;Олегович;client15_aojq@test.loc;+7 (999) 382-19-89
116;Степанов;Павел;Максимович;client16_k31a@test.loc;+7 (999) 757-30-71
117;Лебедев;Роман;Иванович;client17_g4jj@test.loc;+7 (999) 460-66-53
118;Кузнецов;Павел;Андреевич;client18_oaht@test.loc;+7 (999) 749-71-24
119;Соколов;Роман;Евгеньевич;client19_541g@test.loc;+7 (999) 216-11-35
120;Кузнецов;Илья;Алексеевич;client20_ci9e@test.loc;+7 (999) 995-46-53
121;Степанов;Иван;Иванович;client21_g3ft@test.loc;+7 (999) 850-22-16
122;Фёдоров;Антон;Максимович;client22_7jpi@test.loc;+7 (999) 941-19-45
123;Волков;Максим;Олегович;client23_gqk7@test.loc;+7 (999) 501-50-35
124;Фёдоров;Евгений;Владимирович;client24_3cnz@test.loc;+7 (999) 246-76-52
125;Новиков;Роман;Евгеньевич;client25_z762@test.loc;+7 (999) 494-21-33
126;Петров;Илья;Владимирович;client26_nepl@test.loc;+7 (999) 947-51-62
127;Михайлов;Павел;Сергеевич;client27_hz9i@test.loc;+7 (999) 765-51-89
128;Степанов;Павел;Максимович;client28_y0to@test.loc;+7 (999) 324-99-82
129;Иванов;Дмитрий;Олегович;client29_cfba@test.loc;+7 (999) 919-89-80
130;Морозов;Егор;Михайлович;client30_737g@test.loc;+7 (999) 811-67-41
131;Алексеев;Павел;Максимович;client31_9ept@test.loc;+7 (999) 715-48-57
132;Фёдоров;Константин;Владимирович;client32_ckbp@test.loc;+7 (999) 850-25-97
133;Васильев;Даниил;Петрович;client33_s2d6@test.loc;+7 (999) 151-48-33
134;Лебедев;Антон;Алексеевич;client34_cz2a@test.loc;+7 (999) 763-87-89
135;Лебедев;Алексей;Максимович;client35_bm98@test.loc;+7 (999) 914-35-68
136;Соколов;Антон;Александрович;client36_4goy@test.loc;+7 (999) 370-89-42
137;Новиков;Илья;Иванович;client37_y0bi@test.loc;+7 (999) 520-72-39
138;Павлов;Константин;Дмитриевич;client38_jee8@test.loc;+7 (999) 165-13-15
139;Фёдоров;Артём;Николаевич;client39_56r4@test.loc;+7 (999) 791-25-41
140;Кузнецов;Дмитрий;Анатольевич;client40_4bzd@test.loc;+7 (999) 894-18-69
141;Лебедев;Михаил;Михайлович;client41_bou1@test.loc;+7 (999) 986-30-71
142;Попов;Дмитрий;Юрьевич;client42_m5oz@test.loc;+7 (999) 729-73-48
143;Фёдоров;Илья;Владимирович;client43_d59g@test.loc;+7 (999) 288-27-88
144;Петров;Иван;Иванович;client44_3ovy@test.loc;+7 (999) 263-52-66
145;Михайлов;Евгений;Алексеевич;client45_p9y5@test.loc;+7 (999) 298-42-29
146;Козлов;Роман;Евгеньевич;client46_8jw1@test.loc;+7 (999) 507-81-26
147;Соколов;Иван;Юрьевич;client47_mfuq@test.loc;+7 (999) 193-21-97
148;Попов;Сергей;Александрович;client48_3w0b@test.loc;+7 (999) 104-23-71
149;Васильев;Павел;Юрьевич;client49_c91k@test.loc;+7 (999) 647-77-92
150;Степанов;Антон;Олегович;client50_3818@test.loc;+7 (999) 845-96-52
151;Михайлов;Павел;Дмитриевич;client51_n7pq@test.loc;+7 (999) 978-93-54
152;Соколов;Антон;Сергеевич;client52_toby@test.loc;+7 (999) 486-90-13
153;Морозов;Даниил;Юрьевич;client53_8hcz@test.loc;+7 (999) 156-59-20
154;Егоров;Сергей;Юрьевич;client54_afrj@test.loc;+7 (999) 283-45-41
155;Семёнов;Павел;Николаевич;client55_xftz@test.loc;+7 (999) 214-39-98
156;Васильев;Даниил;Владимирович;client56_lvy3@test.loc;+7 (999) 212-49-91
157;Смирнов;Никита;Михайлович;client57_66eq@test.loc;+7 (999) 864-62-19
158;Волков;Илья;Дмитриевич;client58_1uly@test.loc;+7 (999) 547-56-75
159;Волков;Владислав;Юрьевич;client59_9guq@test.loc;+7 (999) 552-63-46
160;Степанов;Артём;Юрьевич;client60_wre2@test.loc;+7 (999) 402-45-11
