UserID;Surname;FirstName;MiddleName;UserLogin;UserPassword;RoleID;PhoneNumber
1;Солоников;Антон;Сергеевич;1;6b86b273ff34fce19d6b804eff5a3f5747ada4eaa22f1d49c01e52ddb7875b4b;1;+7 (986) 769-19-66
2;Муравьев;Максим;Алексеевич;2;d4735e3a265e16eee03f59718b9b5d03019c07d8b6c51f90da3a666eec13ab35;2;+7 (930) 751-12-12
3;Сидоркин;Даниил;Дмитриевич;Sidorkin1;8c6976e5b5410415bde908bd4dee15dfb167a9c873fc4bb8a81f6f2ab448a918;1;+7 (930) 112-12-65
5;Беляева;Кристина;Олеговна;3;4e07408562bedb8b60ce05c1decfe3ad16b72230967de01f640b7e4729b49fce;3;+7 (980) 222-21-31
6;Иванов;Иван;Иванович;loginBDgfd2025;fdbabf061aadd0bc7f2eb9bb6c6588cb132addd6e97e046b8ccde7df51f923a3;2;+7 (930) 451-55-51
13;Беляев;Андрей;Андреевич;loginBDpga2025;6dfed725e346893774e1517b779e98e6bab42452bc09fe0a4cf8b2a7631645ca;2;+7 (211) 769-11-12
19;Ширяева;Валерия;Павловна;loginBDzzz2025;2d0a3d55e369ba93b5e21787ea0a1eb16430c2047298cb4dccc204a3a2ff2509;1;+7 (930) 739-19-21
28;Егорова;Виктория;Дмитриевна;loginBDpps2025;837415d9be86d98841e560e604a231c730ffe0913eca63676e6eb9a35f998530;2;+7 (901) 722-19-22
31;Шиханова;Дарья;Сергеевна;loginBDoiu2025;b390e506a89e4be4ea1be6ffd58e9d1dcbdd6d9fce55c368f4681c4de42662da;1;+7 (333) 702-19-11
35;Мартынова;Екатерина;Олеговна;loginEO2025;236ce6028a39cbca9311b198d004ac06d2f0e141cf8915ec012c129ab73828fb;2;+7 (901) 100-22-35
38;Егорова;Дарья;Павловна;loginDP2025;01bff976f3351845be753a796da87e0776b1409ec402090315e09290e0ad1aaf;3;+7 (901) 100-22-38
40;Богданова;Ирина;Александровна;loginIA2025;075e5ccfe524c85ec85bd50225f238c5b337d11b67753998abc3b41b62d691ec;3;+7 (901) 100-22-40
101;Попов;Егор;Дмитриевич;user_1_uf7l;5494368a97a134cc1816418b68c11e11daae22b327190cb9425aaa53555bd810;2;+7 (999) 625-58-19
102;Николаев;Илья;Евгеньевич;user_2_2q8y;390d10a858fba7c6971d89539a129cbd75febcfef3f91cc3af99b049d7b552ac;2;+7 (999) 731-94-23
103;Иванов;Антон;Максимович;user_3_huaj;22458973221f969198904e9d9638ac3d6309823d2af824637b2775b1b2b4afbc;2;+7 (999) 609-42-41
104;Петров;Илья;Евгеньевич;user_4_jqwc;66b9dc8e0202d546b44dc5501c1be4a1dfb456be13e58afd57006cfa4387caa6;3;+7 (999) 658-15-53
105;Семёнов;Сергей;Николаевич;user_5_prjk;4bd917bc8442a0ddade184981c3956dff22085836e46287e326a23e181d804bd;2;+7 (999) 432-35-78
106;Лебедев;Егор;Александрович;user_6_okjn;e2236d4ae27bed3ccd0e1b6254a32a0ce41a84ea5181a725823b78028bac25bc;3;+7 (999) 177-42-39
107;Козлов;Дмитрий;Николаевич;user_7_i53k;4bf9635bfcf6d3e734ae0e28f289c953a04ac6c8ce0394c45b57f402756dcb34;2;+7 (999) 311-18-41
108;Петров;Павел;Дмитриевич;user_8_06lg;dc508235d25ea632181326155099c2c1fe26a81eb08be718e8674eeef84a667f;1;+7 (999) 711-99-35
109;Козлов;Денис;Максимович;user_9_vzc8;14dab045fd53b35d07e3f27dd7697c4078e731e5e8fa35ddaadb1a62b65b3d45;2;+7 (999) 721-24-29
110;Фёдоров;Сергей;Александрович;user_10_5fck;fa68adb061ff83d2a14ffb4791bfd4287a73a359d0ffe418c65fe25e04a2633a;3;+7 (999) 272-25-31
111;Попов;Денис;Алексеевич;user_11_xo4o;dc3e98f620f003264041866cf681845590384becce0ceb318ae652076a1aec4b;1;+7 (999) 283-84-38
112;Морозов;Дмитрий;Дмитриевич;user_12_729h;26821ebe9c4dfe09bce83f10b03541addae4a5136593296efad74b065372aed9;1;+7 (999) 428-12-92
113;Козлов;Евгений;Иванович;user_13_mmrd;e7657378020b58e774d200b92d1b28a7dfdcb85c04dc86c91c5ef7262dbbcfa0;2;+7 (999) 957-69-93
114;Лебедев;Константин;Юрьевич;user_14_1vg5;53f9b11b7a156e310a14af9f21e4e46e55d618232490e08eb9de6521fd730d71;1;+7 (999) 442-75-22
115;Соколов;Антон;Николаевич;user_15_1gtt;8a5ef8a84610af325fa3688db52538c317acbff35797e3e0193bbd0caef47640;3;+7 (999) 569-90-13
116;Морозов;Антон;Алексеевич;user_16_nonw;6701c1c9e56812062b71cf47a063badfb5cc6f76ac084946dbf8d735b16a601a;2;+7 (999) 627-83-72
117;Степанов;Егор;Владимирович;user_17_olfy;e1a40730c91499afa8ef849fdbfc05898de53afefa564a752ad588d4d6a7cda2;2;+7 (999) 886-40-92
118;Семёнов;Роман;Петрович;user_18_4hed;924a14b05c24d956f56637ba65181a3829a61ef840437c5756c169b15e12e854;2;+7 (999) 275-49-50
119;Попов;Дмитрий;Петрович;user_19_ysn7;155f810be8bd83ebd08b46570f713be891293ae5e3cd9cbc8ceb0e5f721b53fd;3;+7 (999) 651-18-99
120;Козлов;Роман;Юрьевич;user_20_b9sw;cb13a90f2bf20fad27b6aef3101384fb0146255de32ef374ecbeba228e0d0135;3;+7 (999) 378-71-12
121;Петров;Александр;Николаевич;user_21_4fv1;db0d23bf4e99bf8c1e1be06a0819fae70f42bf5acf0a0e80721b2d9078a312b7;2;+7 (999) 738-63-69
122;Петров;Роман;Евгеньевич;user_22_t6i3;c096ce1152a17beeabb15ea5bd5652380e9ff199c60647a81f58699ef108820c;2;+7 (999) 696-24-78
123;Соколов;Павел;Алексеевич;user_23_scf3;1b13c0ef3cc173b3603caa906a3b098463a0af0171ef9355002bc322cdce3d04;2;+7 (999) 242-36-50
124;Павлов;Егор;Андреевич;user_24_3w4g;70afbaab7f79e072990d53e3074fce9d94edd79a4296bdc1d7985ffaac7bcb96;1;+7 (999) 781-45-90
125;Егоров;Егор;Иванович;user_25_2v4g;9d4ec98c41af33a7467ab3a918579dc38fa4adc9a2246779da5c59f51dc8380a;1;+7 (999) 704-27-32
126;Михайлов;Даниил;Олегович;user_26_quh3;bb0d49952701a3347a4228c120f8eb608a7d5f35ed639cefa0ee4f7de70ef26a;3;+7 (999) 696-68-59
127;Волков;Александр;Петрович;user_27_qp3p;ce8732557b62773fa6d989b4d2ac2a81ac97933aadf5b834dd0a917780dfa6b8;1;+7 (999) 460-72-24
128;Михайлов;Михаил;Сергеевич;user_28_d9xg;167dc140dc2ebbb2f4eec1cfc0e3da3721dad3ee0e3e33ceb595c1c31219892e;3;+7 (999) 758-79-80
129;Фёдоров;Евгений;Олегович;user_29_eqwk;2f173c24535a4f06378d2a0ff0e9a87efa0ca2efd7e681e91b065a8ea86d122d;2;+7 (999) 158-40-78
130;Семёнов;Сергей;Александрович;user_30_vbyj;4ba94636241500a9bd0634c65de9aae0602763616e87410fc83de10fe58704c2;1;+7 (999) 320-15-38
131;Фёдоров;Иван;Петрович;user_31_7b62;5b8000e7571954087fc3ac5df8f3be38a30a6fa150a020ace83fb77a3c1e2183;3;+7 (999) 299-65-53
132;Петров;Андрей;Николаевич;user_32_u6er;88f133055700d98dbb870ab62612c0cb5140338ca41fc559a4d277d8afa28ed9;1;+7 (999) 319-18-32
133;Попов;Владислав;Михайлович;user_33_p9un;24fdcc63a8b1d83bf4be8444c6325122504d1409a885946a876f8475d141fc30;3;+7 (999) 103-20-22
134;Егоров;Артём;Анатольевич;user_34_9tux;03a566a520d323079c30a050daed075418c0bfaed9467b26a2bde440beb7542e;2;+7 (999) 184-26-56
135;Егоров;Иван;Дмитриевич;user_35_x537;fd85246b20e122832bc146995ac758af3a32f7c29fc3ddef9af96c377e151318;2;+7 (999) 197-61-48
136;Волков;Артём;Анатольевич;user_36_prfc;4f278dc5caaa8bfa93bb9151973642d39ab1869817112e9f5f74d61225c7d819;1;+7 (999) 715-15-33
137;Козлов;Михаил;Максимович;user_37_atc2;7229b105c7113715c46f5d84860072e1c12c9ddc611a76fb8bc545a9070634cb;3;+7 (999) 386-59-69
138;Попов;Никита;Анатольевич;user_38_yfzi;0104b9de0ebdddf56d5842c824ab0f087dbf00e07672c222df18603cf8acc9da;2;+7 (999) 630-99-58
139;Васильев;Антон;Максимович;user_39_f53p;79ecb68fa73145cb531b518078b92bef57f9308bee9d49689ace7b9f8caccdff;3;+7 (999) 325-89-96
140;Соколов;Алексей;Анатольевич;user_40_zw1g;2531e2262f62678027123a392481b10f32214accd37dcaeebc4cd4ccc385aba6;3;+7 (999) 348-27-63
141;Иванов;Павел;Михайлович;user_41_xh4d;35920671eaeea16f7a659df8fc5b4885233b6c699af59933e20cb1e76f43d1f2;2;+7 (999) 427-78-75
142;Кузнецов;Даниил;Николаевич;user_42_9v9x;54457c6e195792875f494d2adfc8d78a2dbbc7dd441c0fca0307a8e4fba742bb;1;+7 (999) 299-56-71
143;Иванов;Дмитрий;Петрович;user_43_ky5z;607482a203f93f5da868f1a68a53e0a592a414fc13f22e8ce40da9f1c60e3eb3;1;+7 (999) 941-40-19
144;Николаев;Антон;Юрьевич;user_44_xja1;3b25991ac17450ef9ced52e185796fe85e8a88afc43fa388b2a4431bc09920fe;3;+7 (999) 617-59-54
145;Соколов;Михаил;Алексеевич;user_45_c8xb;1b9b06b69ec605801bd236595aecc04a8c740eccc82f0da444e42cba1d2742ec;2;+7 (999) 208-52-40
146;Новиков;Даниил;Николаевич;user_46_giu8;4dfd5c67eedd9832680070913bd9f23a81a0cd377ca5ae4e3baf06ea980a7d5f;2;+7 (999) 451-67-29
147;Степанов;Сергей;Дмитриевич;user_47_9639;86f7c71f36255b8376bb13983f0c9db13e57ccfc0948bcd466431d0037d5084e;1;+7 (999) 837-70-11
148;Васильев;Дмитрий;Олегович;user_48_wyij;2f843ebec40822427425d300bd5e0843c5c5e53f66b0179df7a64452b2420cfe;1;+7 (999) 347-98-13
149;Кузнецов;Иван;Николаевич;user_49_bn8x;2aab4b25e33c8ad6c29949316a30ee2bd45c222516214db8f6f5849a3fcbe238;1;+7 (999) 562-34-50
150;Попов;Иван;Андреевич;user_50_ju07;6b24cc35a7eeea0287e65d7851e33e5c6b1539d4f7dd90fcdcc3fa3874715374;3;+7 (999) 223-35-55
151;Иванов;Денис;Юрьевич;user_51_1wnk;f76914dafa31586b9a7f500523070216650f2dc87af1629634d8c17ec27b7f73;3;+7 (999) 266-84-57
152;Николаев;Егор;Николаевич;user_52_aree;eb8bb8e6b73a0c7aea3ff50b36a4a84cacbd197396a39e22ce9ab1b0886cd981;2;+7 (999) 257-64-68
153;Соколов;Алексей;Максимович;user_53_pk4q;0597e222aabc1f90a9313263347c66d7c86a084acea852c6ea913dc3b2739776;1;+7 (999) 991-52-83
154;Лебедев;Дмитрий;Иванович;user_54_t2hm;c8123db75dde414bf5abece31ed499adf27dd966c384e50016e6dda2c6d4c0aa;1;+7 (999) 248-39-25
155;Петров;Антон;Максимович;user_55_27yf;674ab32006b13f25e24683719e3109dd2796f871b20e9f4c8b4d69dc46d8450c;2;+7 (999) 316-19-98
156;Васильев;Артём;Иванович;user_56_wyir;f000bb8ff5debdc648bd949125164d9e7ae4568bb5e781ce13d01b8efd19ffe5;3;+7 (999) 578-61-85
157;Степанов;Андрей;Сергеевич;user_57_5zud;ce6e62c86cde3fba69ab906e672ed36906070bfd8e12d6a21ae24cd8a177f608;3;+7 (999) 171-96-12
158;Алексеев;Никита;Евгеньевич;user_58_ftv0;580159975e174d3cb2e4668f986b165755d5320535efe0b12b04012922caf14a;2;+7 (999) 945-79-81
159;Соколов;Алексей;Михайлович;user_59_qc75;187cac9e0c771b8f4b05fdf39719a264d41a6b0bf478917cc386ac1cad402584;3;+7 (999) 464-59-69
160;Волков;Денис;Олегович;user_60_c5xy;4d68551d7dc19be01e42aa8ef9a30de5124c112830c5bfe82d3dbc0ba8bf56f4;3;+7 (999) 906-25-80
